line_item,year_1,year_2,year_3,year_4,year_5
Occupancy,0.68,0.7,0.73,0.75,0.76
ADR,245.0,253.57,261.18,267.71,273.07
RevPAR,166.6,177.5,190.66,200.78,207.53
Occupied room nights,34748.0,35770.0,37303.0,38325.0,38836.0
Rooms revenue,8513260.0,9070377.75,9742881.47,10260054.97,10604792.82
Food and beverage revenue,3400000.0,3640000.0,3947840.0,4218240.0,4445462.53
Spa and other operated departments revenue,700000.0,749411.76,812790.59,868461.18,915242.29
Total revenue,12613260.0,13459789.51,14503512.06,15346756.15,15965497.63
Rooms dept. profit,5789016.8,6206416.93,6697190.28,7073973.36,7322603.25
Food and beverage dept. profit,408000.0,436800.0,473740.8,506188.8,533455.5
Spa and other operated departments dept. profit,210000.0,224823.53,243837.18,260538.35,274572.69
Total dept. profit,6407016.8,6868040.46,7414768.26,7840700.51,8130631.44
Less Administration and general,-1250000.0,-1268750.0,-1287781.25,-1307097.97,-1326704.44
Less Information and telecom systems,-220000.0,-223300.0,-226649.5,-230049.24,-233499.98
Less Sales and marketing,-780000.0,-791700.0,-803575.5,-815629.13,-827863.57
Less Property operation and maintenance,-700000.0,-710500.0,-721157.5,-731974.86,-742954.49
Less Utilities,-480000.0,-487200.0,-494508.0,-501925.62,-509454.5
GOP,2977016.8,3386590.46,3881096.51,4254023.69,4490154.46
GOP margin,0.236,0.2516,0.2676,0.2772,0.2812
GOPPAR,58.26,66.27,75.95,83.25,87.87
Less base management fee,-378397.8,-403793.69,-435105.36,-460402.68,-478964.93
Less incentive management fee,-148850.84,-169329.52,-194054.83,-212701.18,-224507.72
Less Property and capital taxes,-240000.0,-243600.0,-247254.0,-250962.81,-254727.25
Less Insurance,-150000.0,-152250.0,-154533.75,-156851.76,-159204.53
EBITDA before FF&E reserve,2059768.16,2417617.25,2850148.57,3173105.25,3372750.02
Less FF&E reserve,-504530.4,-538391.58,-580140.48,-613870.25,-638619.91
NOI,1555237.76,1879225.67,2270008.09,2559235.0,2734130.12
NOI margin,0.1233,0.1396,0.1565,0.1668,0.1713
NOI per room,11108.84,13423.04,16214.34,18280.25,19529.5
Less capital expenditure,-3000000.0,-4000000.0,-0.0,-0.0,-0.0
Property level cash flow,-1444762.24,-2120774.33,2270008.09,2559235.0,2734130.12
Discount factor,0.934579,0.873439,0.816298,0.762895,0.712986
PV of cash flow,-1350245.08,-1852366.43,1853002.78,1952428.13,1949396.99
